knee_angle_deg,hip_angle_deg,ankle_angle_deg,trunk_lean_deg,peak_velocity_m_s,acceleration_m_s2,ground_reaction_force_N,weight_dist_pct_left,vertical_jump_cm,rep_duration_s,label
106.67423352987983,143.59803571429256,98.87017564250422,10.903460315012753,2.6474630459962283,6.2189017573247884,1558.2258445637538,73.79489713109105,36.4510376494929,0.886944004142729,1
153.4696548372101,166.51124991302248,84.28559134004209,4.084256124185654,2.410154930183119,2.4364436539895737,1518.3049490354151,51.91054795349244,32.9516431747698,1.1256908505681267,0
100.27147207161617,131.08843669267156,70.1128223595927,15.547179764772377,2.682440014778675,5.13108442920826,1003.0244352121769,65.76642298050342,46.40504502750602,0.9959969285313383,1
119.28472872960448,145.48552601285186,114.32382064837391,3.9702597923716905,1.0453746247130542,3.815978166819262,1684.8426660878288,53.181791295749804,48.27703268897948,1.6434018177433019,0
127.58071432500986,149.59921434224907,72.43370826476097,12.18933988168154,2.9219059061422423,3.572433421163358,1269.9553996788159,45.261381739091945,35.31879578753762,1.8522678764554634,0
98.17787263056374,127.3087185778562,83.62649532898047,22.105379000510844,2.9248630700570195,7.652127871067193,2036.114609556453,65.85361984194044,37.282150024021384,0.7678899965913256,1
120.84864137363773,144.7458544642213,54.83788363975643,14.948299078412184,3.37010330543808,2.788814708882485,1340.6918748846992,65.05251739930512,48.952497596652414,1.5161083453796271,1
138.80285640700404,162.74451139502176,89.70865438127942,18.365259020604267,2.638684648886072,6.635287109082809,1880.7431475299925,47.10376177007144,51.37441201581802,1.873797774711265,0
135.4245403757145,156.17211318258597,61.49030191606988,7.759052296133939,2.1586820344461404,2.1686903860474946,994.5293995397445,49.59588084535811,49.466631942488554,1.641785178056214,0
125.47173912723403,136.24784716626036,72.15399993504863,11.898506286775714,3.560706025137127,5.709394406204638,998.4094390861003,70.14545006347925,48.93540192031716,1.4201029219731116,1
138.13840065378946,152.57368817079328,102.96044311489183,20.97952833983276,3.649746045912164,6.12078910537184,1550.6107279413122,54.61912458649406,34.813893689979054,2.6817066794160542,0
132.59771388776772,173.27748892723588,77.18943459591738,12.395840463293474,2.380807069212735,4.364293453410336,1398.4054981116433,46.01733356066061,50.787447057642275,2.154134319837295,0
91.30973529986164,149.91608058468526,81.55271953979435,12.328030903630644,4.127802476366555,5.358636241545313,1448.3920065491538,64.5237814889721,51.66241271302576,1.0517341322590155,1
117.87259595660218,145.89040806135563,75.77872191108055,7.97838476545659,2.12840632369523,4.757461450429745,1292.6063880515005,37.72882853202296,39.603542912731356,1.6563985394025362,0
139.24023453007368,131.6515058241019,77.11033652347992,22.106207660199154,3.310433007505639,4.742907346583674,1482.405983113145,69.27053487882849,24.31798400624634,1.9800579500901565,1
80.782370175382,134.83945922090143,67.8297947418409,24.927735165993102,3.3001341389152667,7.509333304038203,2132.921924289456,66.04917376650695,26.007561640472115,1.413747937866027,1
81.91983945747577,124.98215674881303,90.61084957440801,13.720722634960472,3.2199203068282114,5.056182741984776,1215.594387250581,60.264713802585476,27.623944488473725,1.2755174845707749,1
120.97440081655904,154.85303872583702,71.0753537028518,4.668802839840811,2.2655049289952998,4.383152120984565,1498.300038511836,53.630854432858364,48.5168474071488,2.5154372565773673,0
87.69046279237051,121.46389830018894,87.24807930342504,9.099373339325213,2.932027967270922,5.078749315732031,2244.1271796998253,61.096534472693804,49.31424817512074,1.9602070048919171,1
119.20965460580062,165.89544562327586,83.50264516380227,18.968468030629158,3.6101329408152547,5.499471133308754,1586.9850214409953,64.26210540920299,47.59742313486485,1.4339218189331666,1
105.44501451792804,122.49904573151704,89.75217267063418,20.103160602749483,2.017571873422917,6.39369827306462,1814.762750744439,54.091299157097644,36.60955895742505,0.25032186779048726,1
123.39715455328259,132.56328222863905,84.64532978547369,13.113103272484638,2.8701153815082363,6.195326217932177,1912.3760808432748,60.56992752533376,35.40109585198466,1.641611507394404,1
131.70276017876873,159.06195688993296,113.26932425873622,9.07936490692087,3.033428814696663,2.371787297226616,1300.1478284798472,45.21744644273633,49.43314220350556,2.032010040666835,0
103.11125152821013,131.5461116234032,89.9764661963834,16.050249268355593,2.2229475584652607,7.993293908076455,1382.460111327992,49.74306705029383,36.16233010242488,1.7353733222942016,1
131.30570602357258,165.46784764064813,76.89424154534171,5.2861620845055395,3.9915977239890164,2.100328639322838,1142.5929525580755,41.354033837291645,42.15306900924185,1.7719101237523098,0
119.29446712273125,121.06452348756076,69.6755962528248,15.922355972359785,4.523308479609048,6.519740553050249,1386.1240798608765,72.75232490273457,45.019561174915964,0.7850940757290775,1
81.86959667106265,162.35847040826778,89.07846670120476,17.48465347151923,2.975791536824351,3.451527952591605,1341.4559771445618,69.33019071212703,21.45565420209819,2.856455100521921,1
147.033484602709,154.39714268661035,83.60268941725825,9.304597239078337,2.933738005640396,4.043504486860322,1086.43706200146,61.77126813547393,34.89851463660147,2.07922680910481,0
123.69032015851961,147.80749972455473,98.49009225836889,13.547802097476612,3.195225409721914,5.98733934489264,1206.5305428683173,49.85457724963621,51.74547728426289,3.246516831990248,0
112.94374754543355,126.35407757696794,102.9967819249157,18.95082258475593,2.52091301773425,4.585928768375869,1149.8290218971988,54.57528146468694,32.886924121263405,0.344341554168748,1
99.96103620235144,129.68762831847707,81.1565143973188,19.30079666292744,3.334104177335863,6.537258470870176,1856.7219798766564,57.22770721933009,46.04366843684866,0.61308258755067,1
106.51921278627576,156.09677165153758,84.31118863104854,13.626144045109728,4.066357630258399,6.575419773622556,2109.2279677511156,68.38753821305956,43.7090086716333,1.0657519433198421,1
125.5483324034639,152.1790258795967,81.63936435077136,10.997235261066978,3.465407183108287,6.728329447034731,1951.1781972543904,50.67845024147282,43.6698406239611,1.5936312067320884,1
135.11727962224964,171.4024912093343,97.72554449626729,0.3020466548685823,1.6318631612739554,3.000866760151947,1354.526134521257,51.20491450492815,43.59836306366604,1.6076911346714002,0
139.71532807151038,163.96752326147913,96.6960592010566,8.172468937608905,2.6733785018193705,3.136341451551001,1101.6461052650704,45.78202151235183,39.626559323301876,2.9061352228503825,0
96.28329545192513,167.8484481328164,76.92293228912806,21.20929997220524,2.2039175523168293,1.5413820107718594,1811.4346420425654,54.507538029355,46.539877993919305,1.6098693923514344,1
82.08293856748537,142.99592225604692,72.13039662916917,16.276129337685177,2.684260904836665,6.147763138202272,1501.334055003002,58.44374171006184,38.65131394509411,0.8882325146870753,1
135.42093408262622,155.2941220911073,100.4608519249763,8.768626489464737,3.2547860723565614,5.232544083508375,990.402692823938,56.92400709953461,52.58382438212809,1.7970702845598296,0
187.7909723598208,145.02859860306754,79.05392697780496,19.484188123200717,2.4495001901269715,2.9331119039281663,1562.5196385354363,56.325932555243014,54.19900033022978,2.5285746084312866,0
112.05690063878994,159.8205406651873,82.56575228866235,12.254022545531074,2.0475958441523803,5.349259015269364,810.4110474933094,57.8408942311276,34.09870062138162,1.5842111354173343,0
109.02646796491605,122.70058810825583,66.88341958078195,20.221662794641833,3.1551455650958986,7.766751246703937,1400.6903233994558,58.728598192576726,29.666405337870035,1.6162271083211506,1
125.08506780103347,176.97750519025226,94.15935606944264,3.908094512013209,3.1030944646709853,5.375115293412054,1269.3092549007674,42.82095597244314,55.54905602775051,1.4366508455763445,0
133.28919846462463,135.66868265524283,63.77141612275495,12.146136478040585,1.742530907767709,6.339213696320688,1520.6041623391927,68.54490356680823,36.24950447261577,2.117898903067908,1
140.71000741138138,137.93295548482791,98.80780725554622,10.580249883146418,2.779575548243895,5.743983205000033,1443.663917627242,53.772365359511376,38.9945817000303,1.6501349119241846,0
114.1343360656615,146.87405946185467,83.7311893005258,-5.192835739720492,4.147825602592591,4.008116637811731,1380.3947662565108,54.550884802448266,42.60516593677731,1.4600928232489727,0
125.51488974301198,157.2001040688602,105.52270443423623,-6.54327595977374,2.8359907036366234,5.714161160794323,1241.4178753515323,52.108443473374344,55.62608530656828,1.7792512770646103,0
137.4507122951685,145.05205986893512,95.56988616645351,10.212039853237407,2.6751347015887443,5.21186939901663,1832.333392010842,53.2584571565851,38.22609957330197,2.093404260344601,0
123.01405369644614,168.18532222384627,87.44415329089544,9.314901965983633,2.184256881322456,3.9482427029363665,1341.1020433559538,50.023242563566235,56.30345534730042,2.666183862339058,0
116.0235777430482,148.41379849531887,83.22973750779286,14.892923089393758,3.1357086649655317,5.240986624072038,1971.8958437748533,51.697512645627896,38.65896226454852,1.4056982837353296,1
131.01292307031886,145.18135180119833,106.82024496475033,8.797818044881256,2.980266128559259,3.9055706714952185,1237.040325093738,50.884437721593635,42.164874047455775,1.3705462064716998,0
129.46260941335072,172.4137232935405,84.57312405919652,13.043861293932345,1.9446123411964527,4.581625311816619,1213.7504004279924,49.08091486047093,37.71211173892014,1.8116129184421088,0
113.93661252908332,135.72264415690913,91.80197851005963,6.070189692695704,3.894384927959302,3.0251875810508335,1124.5191771148097,58.16465641828424,43.575034775859635,1.5965674110714123,0
131.0284446220904,130.5292138668788,78.21627222384969,-2.0115044432655393,3.33125711101839,3.0997363485118647,1439.075782506226,55.74375359497661,36.58895096014769,1.4377670059352228,0
93.41145849740218,127.63563636952958,91.42903428694352,5.948633332920309,2.209312965653069,7.519045216213097,1664.1948152049943,49.50405289355404,33.524843117885965,1.0408736805693988,1
111.31391831932018,144.66458958406085,75.2325142417969,8.311675314843797,2.6819211986496425,2.450226415679227,1498.3250772162978,46.15040567015444,44.46418187846716,2.0076982527281437,0
143.96920178674299,142.9696476243463,88.59218434014488,14.703774989528767,1.8742153887852768,4.677575158861032,1112.2263414585395,47.30183155176314,55.89796924268742,1.6741702619201886,0
137.82912348425347,148.83359699195967,81.88482197008052,16.859242098355374,1.7798727809507475,5.743601867034177,1615.294070216207,49.8652776553378,52.17106636343519,1.596062369662091,0
116.37963886718184,158.8899962298613,92.81009231736714,5.3213983126968305,2.098791768044146,2.868557128372034,1240.8835331282455,35.62599804722814,47.125567367425155,1.6038220221739732,0
109.33495948064363,147.19228917053806,83.65503772567685,14.6490969004251,3.19762861148349,4.7327642540070665,769.78789325294,62.974004938703786,39.005236882294206,1.1414131516641604,0
131.37641164803253,181.27763519861207,97.35678393147461,-1.5034169409143399,2.715229469894019,3.2450309501625365,828.6373061781339,63.141637315377835,33.29115360221401,1.8691179000699354,0
87.43935603948225,168.6430482982675,91.85156563765479,16.055161292863097,1.754441867620576,2.2196051947064905,1918.6924366179803,58.935094387106,37.64894743871574,0.9713137230026379,1
81.38098989896392,165.4534964411803,103.47505201330061,-0.33743480058157616,2.474586045628385,4.298063730572071,1409.330157980089,41.865844882692656,48.77782574602708,1.6355111459679923,0
130.46241174809197,152.037637701092,82.60026331476769,16.328544314422587,3.3277507214194495,6.9753844971979095,2027.1240607354953,66.56695714947317,45.94616559512095,1.2929505170466642,1
106.70737241075908,156.35082142315653,64.5481547848888,7.794363725943519,2.4135541767322817,4.922638519873345,1713.3333335494642,65.27202223448599,30.193504087200544,1.2263973606572014,1
100.18646628098661,145.30042057573817,100.71555094994159,12.562487936865784,2.4145301214784993,3.146671831881305,1074.3563813810672,51.040799067359984,49.54334898425289,2.139720759043032,0
132.95291853803684,148.2353053663523,75.04921227936384,4.61552821557963,3.5770379738771227,0.4660591227338559,1241.727279963689,42.19484840548536,31.147383194090565,2.3269879882761115,0
106.09268479284086,138.56819759450096,60.753546320979986,18.303747450970906,2.6160027329757627,7.491670375950847,1665.1979098405257,65.71479291385282,36.69347258173585,1.9265664123841217,1
123.09041843560318,137.62298790203212,61.03113357058428,-1.153151025548433,2.6204500809555356,2.9020989290552213,1654.398195442116,41.39457612914091,46.35379303210795,2.02066096745839,0
120.07320302847418,167.0755137105733,97.84322398476584,11.584400419099149,2.894584970982951,5.435399869565648,1292.8391925862416,51.04237895176906,35.739808771779686,1.0802579187372827,0
124.15539672774669,110.65848746504396,75.65197542714517,21.876279531628832,3.607799923166164,7.9307564309065945,1512.3010176145144,51.339448359878304,41.187825548946286,0.6903577667389031,1
107.38322086598872,151.30258219236032,76.5957985032999,19.11341665482116,4.1072441432469775,6.490407437473456,1717.050953684094,68.19737615102997,39.410074930277084,1.565513047447105,1
114.51156737549495,180.28923972366798,71.24465178490853,14.722017179343212,2.7031477054365256,6.948817419220922,1935.4616319141505,60.785224437981576,40.1575570536447,1.3378474700025467,1
120.99674684261808,164.2503823266436,90.23787951638899,7.4099622392315005,2.8517194663442167,4.151852163837065,1637.0876424072685,43.04371388350777,31.481577829103557,1.476842011267132,0
126.87816624464087,155.85879484663272,96.20482181197364,8.63225303687576,2.268885112464532,1.762275789460532,1391.4885340886497,39.922872826571435,35.86653497138802,2.6581970276267866,0
66.68551043023089,136.18217422858552,80.28582758088645,14.01091431449842,3.1133897376076147,6.844251995738933,1495.834889250088,43.40350625796506,13.46244202742359,0.8627821758300409,1
120.90484999254014,130.61988705039565,82.79572928450051,21.474910010720215,2.5750487391556813,3.74971245507876,1685.3713015916608,57.99860457293469,29.170725659141404,1.168626626156748,1
123.39933269954524,132.55049694768974,94.5854427267283,11.568526049991716,1.8824701627788896,4.360166248819832,1698.3694781079832,44.30085336030805,48.418399501436184,0.9896983497257413,0
120.32320368092313,145.7238825937344,98.91506851922462,-0.5846506127082889,3.3416559051262626,3.512231519449817,1184.9719993727163,53.798150246678006,42.32548944336511,1.8017667082859514,0
85.89958695262487,140.84679166587077,77.64491327845583,2.217538003087418,2.7720303268279607,5.474303387580696,1879.079278301107,56.59627241023437,41.654743101379395,0.6053506348945048,1
83.97073909197249,168.39236878784538,78.56827074536187,16.123292763535602,3.4541809394211667,6.990727700715723,2321.340588522378,54.4348765583991,41.245933706382694,1.1821443775716658,1
134.3960870994802,148.6369085795307,78.50601111168056,4.6981690769274795,2.2540937595639683,4.640028996500199,1133.2148376678222,43.485639333521284,37.05365814498907,2.508979576152779,0
152.16841067112273,129.51325130828232,82.75479733720226,2.198143141224722,3.0248652060131542,2.879431635328084,954.3823158736218,49.917649909425556,59.94012282534494,1.2983995723054278,0
103.97756564982981,130.46100866616752,70.97889000818657,7.400893181139661,4.213113989574265,6.260471609029357,2303.4622889369216,73.56435126353452,49.82206123184765,1.357912293613473,1
128.84347435878843,136.81770725361739,94.3240773905552,8.460931346361532,1.7768593142411864,3.6907144062430315,1483.652217428333,46.94575152503033,41.602586815945706,0.8564864906989655,0
104.58941820663361,152.84743694138731,77.1505685025465,18.460359302465413,3.388506326806514,3.664476044674115,1920.327800250144,50.31156334305531,54.53603891072069,1.2080730534203952,1
131.4561632402206,144.2190239438197,84.3903383418092,9.250296847685314,2.8331471627185785,2.8062192844187113,1452.9595894410359,41.411253888697516,43.8892980312461,2.1975147329177824,0
139.38501021647508,153.4649889022308,89.77701000933254,5.908087193552845,3.0067555228035614,4.724849117437593,1027.93611432844,40.64515962725642,46.97684378085491,0.7808843833375139,0
118.22365966963494,138.3009840329782,82.7824707101258,23.088461867508503,2.150688827679119,8.244463196669198,1519.0212882893693,57.57665699356482,39.731505798505786,0.6640404994436386,1
91.40538290265201,164.67391345016478,99.90708632425208,14.746347004886905,2.600451233813561,4.322510311274477,1905.3100095666452,50.532474930866776,51.97750505221701,1.6297256205568058,1
131.04703127485027,137.2569650506419,87.83577103927247,2.0684533570944943,2.06750469331874,3.6419071081275622,1260.95504280932,48.519209033260346,44.76275359553046,2.1717396893350465,0
114.24575791756875,143.39040922913307,49.36549203389971,13.245291008211899,3.3228753607050185,4.752700488083425,1166.1973057397718,61.28642629435787,33.8122238129864,1.9869571926057248,1
90.92588928085465,161.86205812762975,81.52864298525952,10.525975552422741,3.4432931296624867,5.0737390731268945,1300.5212158884585,65.47135415514175,44.810289409567744,0.7957756337263252,1
110.50581025760083,131.24001312508105,79.72363101071177,18.613439917979786,3.195068510163612,4.373633905469152,1893.0447639955546,65.74484265858592,33.909812689134085,0.9564929501502514,1
82.08413280487326,146.68876330759952,58.46387070546758,29.28436911722184,2.730919359682037,4.782035408058845,1210.5110755296803,51.795277179711505,42.20627509835475,1.2686758889390892,1
111.3988696803283,122.90551277302048,98.43472577891505,10.202626089243358,4.269621951571483,5.803431904215256,1280.8184699712453,66.56169227689186,38.55107861284694,0.20437307441735952,1
106.61992418110285,133.46896943757005,69.14536871062182,17.489178431003623,2.8759423415823195,10.021981666708829,2352.7914054888956,59.7990956352737,38.68904438441433,1.035266518246496,1
143.7310317655311,159.1010717093259,85.59674601841866,17.020389810602904,1.4982767761380222,4.429374021860393,1073.311014421939,42.45625708529913,40.90295480168388,1.5150019669012713,0
142.32853756562835,145.7918292453434,80.22183312409125,-3.337244385673186,2.685030148183943,4.153666073013271,1690.7914670211878,63.53723233016864,49.772500041009145,1.7575622533151645,0
119.57555038456366,149.53619754963754,77.4606772507816,13.40592066319452,2.955392470948131,7.136955530304633,989.7109912065746,57.249069986114996,26.714803841160283,1.7913415713849705,1
121.5656870613854,155.25204609959312,89.29221181975228,9.674129154622035,3.34864524360424,4.041728239101731,1050.4661768837195,47.92071860117049,46.17196248660518,0.8499867461741879,0
136.07472566441433,147.75217775941016,82.69003044998182,2.918231910090033,2.612762946041637,5.501359920337284,1343.4533914805143,48.647924160485225,51.21821739029318,1.08476337814243,0
135.91901163925178,150.46292587162202,64.37042027220693,17.01544622171567,3.7325926580180346,7.707838632907984,1713.8156755157654,51.97220958926352,43.260666741412194,1.86118710935158,1
108.81544447997062,153.4382833475878,90.23884024279131,9.164539957389845,3.887089476664033,6.610320336234445,1023.5897323976685,49.853833424398985,33.38822297351133,1.961773847977791,0
105.41717428614396,160.81696987195727,82.68428024492812,2.152423254376328,3.1685748789142245,3.0222359026380117,1648.2207060326175,69.04322887567918,31.014034870298058,0.8771634477529435,1
119.25613940087148,129.0789185571023,83.74475699619556,14.3482100895232,3.9252613557323794,4.073269395170696,1454.525555262379,60.813473987956776,42.47744388463255,1.5939279440688676,1
117.41173715166042,154.7778423680913,88.13929291912946,10.056352078266224,3.6035434321026223,5.387660014103225,1689.8902840180122,48.74882171805638,39.35957406903965,1.9975124920140632,0
98.23383982752797,148.53078323439425,84.26736392918511,10.966233839855697,2.0798102268474032,5.753194766591374,1301.1333098241826,67.57543892169437,47.437297432562325,1.271302317462982,1
140.19396623402014,144.1482004987471,85.18215391139492,9.972574461820884,2.4339120200666478,6.589638779833659,1162.3418680230268,56.094612664458865,40.164056260806056,2.392724842807609,0
101.46802540265843,116.6644976495521,92.80848331823023,11.559999066174178,2.830192067335915,3.6756594163110314,2083.7833394273116,41.15625584700433,34.146254869830564,0.7068317864450728,1
114.06544429410843,151.7671179866653,92.08252755714472,10.395338735631675,2.4719342774418753,3.3633852179873,1169.713072101585,39.17937709372899,48.44410117073799,2.6814443842540987,0
125.16907725691486,138.43878250142131,97.82690983945514,-0.7862492812589199,2.418518188107123,4.7506787852715,1430.9540880943214,45.27636348362013,51.34763555153931,2.7129794576810315,0
106.27152992404822,146.35368775587534,95.92083001391039,3.495371742517194,2.071902848628021,6.111405027100939,1305.4626792092756,75.60052031478833,36.26792107260677,2.007093644165545,1
119.14996001284317,145.46323767587404,87.7794083450788,17.867728774067814,2.9217095641557953,7.235054779578488,1272.5729073575103,64.56691071275029,12.77169609164753,1.3464896232647048,1
131.663838845648,140.4297366465472,82.88784323568815,-1.1391214287026483,2.522107580159944,5.615373205615442,1423.7433818794345,54.28271469105126,48.11403804814268,1.9018478359239235,0
93.53019730827225,133.78272755080363,88.54224401826247,17.58033066178228,2.7742414447886685,5.150839174617417,1459.0787012442463,65.33487448310454,30.05014330380187,0.9721561402692782,1
139.9319601178157,150.0165450331904,82.6913122707968,16.352013718067596,2.37630010874494,4.091962755582697,1468.3378897001521,45.25709451062974,41.583636004081086,2.536176750053384,0
120.20006151139432,152.5634553674841,112.55300139910894,-0.6403052955657662,2.951818411253056,4.851422420921799,1297.3959100811846,45.82334541574128,32.75546384657086,0.4044320145496383,0
132.7968147215414,150.38533346924208,78.0164595926121,0.6343531091780452,3.5644073456119956,2.811856201947049,1157.4901848019003,51.29864212308576,51.53048464613987,1.7852256723198263,0
112.46982943570701,156.3880956115143,89.50301761461877,5.096684995674071,2.4168651773871996,3.2226716348762605,1126.1626724896876,50.60320431224507,26.24559701801972,2.0843665736587598,0
128.26527576417638,157.9395988533047,85.40408648636395,11.901207067751965,2.250991451630814,6.359636978912231,1146.3570258325308,52.04004998622245,33.66189843915505,1.921757334321733,0
164.71987850010262,134.96713662654355,82.82711549899628,14.633155597747903,2.92297764742978,4.8670375376289075,1316.781136474572,53.63700738372136,49.636052318597784,1.5405838061956347,0
130.19502837816862,161.9186835566692,80.72862824175131,-1.3394913919585063,2.1985563568040503,5.782306077073145,1614.7515615960838,55.07623969773902,55.7134179100195,1.431746812605202,0
131.20418799582126,129.3481703851721,71.31910123466568,6.389983839632553,2.920070656508204,9.054904882120814,884.5740146198324,69.95760886123348,34.91727251167485,1.2208472609951682,1
133.48380545741506,161.04855818621414,98.53641796607839,9.564042594943443,3.0554930961815883,3.7408838193461054,1116.9454251783304,50.92746631292367,47.11691341896723,2.0102707135069333,0
133.24687884372963,135.06175925277248,78.81348053515802,10.531524525411708,3.089442327523578,3.7458881650463436,1027.4070640827488,50.5704044888516,47.705478362140674,1.6722302369880646,0
113.8338283310604,155.57701935993657,82.77139972846732,3.474344899883852,1.9380749805669903,5.250475137765489,1646.9049788230425,48.67740178515359,49.583226180312224,2.0073565915852627,0
99.90733599746619,130.23005345509492,82.66833331647113,32.15541375431277,3.5838237392881496,2.9649847432255854,2010.930877841142,61.75243137250773,49.65830980676556,1.1121831671172322,1
145.80703078052355,161.75563084028684,83.37724711294958,7.162462231068957,3.0313719863990403,5.64260979454309,1213.7707717010687,52.501201237510166,34.482666727277106,2.0647543677865046,0
115.14195512303968,143.42091847303874,88.18433933065393,8.228020869009201,2.0363987637087475,3.6184815356436237,591.5194936310277,59.517618027081824,47.36075592361473,2.5234458577673595,0
112.55105618729345,142.49274624809192,90.11455253509338,11.570714790804727,3.5366356649242268,7.003192687927179,1652.737945863792,55.13737927354465,42.82789177497099,0.7746883390860995,1
157.78417276763406,144.23294754217002,103.29550319460614,19.28694241664354,1.7781182122525534,1.901028824768293,1365.3005167537806,51.11769994616394,35.84268529046307,2.7425071393542546,0
166.9486316872793,170.33212186278212,91.9913611435207,3.864873091462593,2.9346861838111176,4.098811643883358,1440.2364529844479,48.28745800300152,41.960353651570415,1.7393786169410441,0
96.86806302885151,141.99323501056207,74.72769579038764,23.01277397577356,2.9219632786978087,3.48579517263565,1092.489058356712,54.22870873624896,39.136646482863895,2.0643739252704543,1
108.46206773230841,175.1172477473034,80.01702755461547,9.687148543816255,2.2341302574083706,6.403566352559979,1646.116602105741,47.7102762210564,48.65621253667781,1.8656829769572656,0
133.41189901906193,159.6087853872717,69.59125768668355,18.103566148747213,2.6963443886299188,4.231485293674585,1386.2541510611486,51.63536671869141,38.32336116200662,2.0478122443735476,0
125.36181436223178,151.53609633295835,87.75874912889996,10.740519314922704,2.8514114056196274,3.1558673641155517,1229.9869759122932,49.0937094194626,45.91523600428302,1.5208589655562048,0
133.21140616195305,155.9284196917714,90.71578837195374,12.36577726182188,3.8080323485159737,5.332686486694418,1632.8957440129,51.511908855390146,43.6574129495074,2.284103608315869,0
121.83425913212226,142.92779142200357,103.93186626639397,15.170279773549055,2.488827404673375,3.7161311911076313,1347.2233081506838,51.13479535687228,31.751139979554218,2.8812935952653973,0
134.7137099889291,151.27679892087852,95.25766623898693,9.119654738938149,2.767396497334281,5.020055189921211,1098.6370706121224,45.03390375234893,46.72471373120398,2.3426157414944955,0
111.28325227052726,150.1030955237414,84.12298440064016,22.638514438035635,2.953147042652366,3.1037794260889515,1136.827575868757,60.202366259498994,33.062897548318034,1.770572799815084,0
128.919848176295,157.689109781725,85.45022782579144,3.941646187644382,2.53326436319078,4.287087932392334,1589.112937215664,46.13485493273797,37.89371116657135,1.8831937176481435,0
137.7257152945907,155.58225953533793,100.55756125573521,4.2573862358251695,2.4063920966947188,4.027576129702655,1484.5887871610735,54.2070338908833,51.17652957509706,1.6749935710020931,0
120.2500494151033,133.53246136871402,66.27141574910853,15.397512150463749,2.4652411507630414,5.285681707663653,1401.52027504224,65.65293428944322,10.409665681235994,0.18978949553243707,1
124.11837770301763,169.15328144865543,93.93101257968384,1.990279940630507,2.649097615128539,1.1281878337956102,1275.2583714225061,52.138237005662376,33.947944845765946,1.8842804148126118,0
145.4869789082672,158.05305011961457,99.89016531107552,0.061461239555008707,4.161009868508237,1.820177234086606,1214.956711942534,42.80426573279679,52.24464468499246,2.66050311357969,0
154.48616955897452,130.54250557786577,90.85865390724905,16.30563691106311,3.601942702610844,7.022225532747158,617.1311956825998,47.78519122168621,50.78539370133335,2.0762524841784398,0
108.62877720679815,180.10864730822553,101.45420046154977,3.7992751103649605,2.848279458470899,2.952728992259477,1117.9992773694312,49.42265502475039,43.6521844014891,2.640831701231299,0
140.29390285561772,147.04851489264985,110.9889812361925,11.832381332175107,2.381028362274269,5.160453625153754,1680.9844068348223,53.746637196911315,44.67061302343489,1.8026513519416592,0
129.107119659073,179.90480958374525,72.84255885002769,21.74565543554445,1.8654210582263806,5.16476573839346,1261.535899248169,42.88397828493879,36.839441261787165,1.5957051383801497,0
81.45030259988332,142.9687500680549,75.82268498116849,19.478115133553178,3.872213357397029,4.478868865595905,1459.428820741165,47.897051596353585,40.89540755367877,1.0757285817360696,1
126.4879456457623,156.40792859970537,106.76795812558066,8.278619288936893,2.6243550147223296,3.6108035358745423,856.4419359584629,60.85603771953578,54.72368841432278,2.4225442370423766,0
129.47932345442135,173.61382370627027,89.1422764866204,4.09149197831331,1.9609318021547766,4.588378780875392,1079.420549465693,48.37968158375643,44.687144050346646,2.141033363667693,0
119.20233687407936,157.78459924829164,85.2727643025233,1.5794914020430846,1.8656358399426463,4.8094065328975315,1012.2509605407317,59.939180631612494,46.107897722648474,1.7516962704651007,0
114.80753319498365,163.18343565553957,89.09394794604893,11.647379058299235,2.195905625453679,6.16748466621477,697.4916876277946,49.62840050795989,48.41181020191618,2.212754008415518,0
104.65455503649613,119.67939752771743,53.910861245235914,10.308899394179091,3.234515832064156,5.397031370035386,1738.5122449635778,51.829338731263505,45.04750147033048,1.2383279679769448,1
115.27022450564763,133.74113007256233,73.86069202582505,1.3946563914024073,3.6139444692308804,6.472953646771791,2105.8386627990235,48.33497316177755,30.530795694002588,1.77440654823581,1
152.84544784612038,162.32444318520157,101.55637858804951,15.670711175643792,2.925978817421833,4.195613205365762,876.1599700684084,57.752608706488616,41.826759117391575,2.4118547730534905,0
122.71954678256346,156.19198766515072,88.82283989275425,9.206594280289805,3.517081055847519,5.122287362280751,1477.9170484585834,47.65018947632382,47.658243236921926,1.9490337697694722,0
117.78267707636965,156.79782254335075,62.90287897327489,18.153288677324372,2.9745802918555593,6.164685187769339,1138.680916961652,62.03524318084088,37.842064982831495,1.7641228456721623,1
122.81238643232065,161.23215817089408,82.26337993119763,11.856336559205264,2.9349961475130337,4.172222517347033,1262.3935523882467,44.33125225837781,44.6076421433287,2.2147647921109055,0
101.21843177051437,163.53937853706668,90.11017467202619,15.904364393805954,2.5849838247529138,3.820645350409793,1785.1041998558258,43.497553596181696,47.854928493747934,1.8416170421023765,0
104.78145826545602,133.4410550111346,63.78112118132511,24.363340033138563,2.9216242144697775,5.0234611406961776,1753.8267533928054,56.19320455938821,38.85050691906682,1.6138031487809155,1
113.16288838926945,128.80187277466484,57.851495280733715,7.602117301442843,2.3744416148571683,4.69719844785513,2193.819514562787,58.57514558642472,53.33402998454596,0.6547192890268907,1
125.62459375310085,162.54014611117137,98.94191518470949,7.605498433562073,3.926313800954811,2.7444973367242858,1305.2778944245574,55.309114354247605,41.327382152160475,1.6573470823160656,0
95.66140067903518,141.06339897302513,69.06357416168838,14.884464374978654,2.2670558217642456,6.306936292348177,1811.0406607198415,56.57319946018293,39.30607286605332,1.9149951842193416,1
121.7319390669595,127.46118107320981,92.43182112431342,12.51700413130355,2.4284111816809015,5.559053320711758,1475.266624378649,56.60654582058052,30.226740816694424,1.2594770176391281,1
112.73509633866546,168.89733048200083,78.1039517974142,4.64646891637047,2.6262868831874657,6.649962197714991,994.6882583160032,43.91512310814693,48.576459533713155,2.405731517704178,0
141.51152093729362,147.90114333397005,75.55345296688583,12.477521396163324,2.202259449469431,5.441896771141664,1442.4430065043814,54.830351553650296,50.6378593430334,1.9119515216424776,0
106.0028470940511,144.0030344508303,105.62712206742866,12.862427685898954,3.5993550458481613,4.679615072394748,1114.6739515802963,51.27074621303666,35.33803279946063,1.7847845128764535,1
133.86325586084146,156.4435475805428,67.18070592116278,14.297316291916012,3.251537339498947,4.620003055050838,965.7009982082645,49.121651816861075,33.19140507033583,2.3576951377800808,0
100.60494814180336,151.1433699001641,88.73317967188405,12.25013868379612,2.2678470549752032,3.5074889084395156,1330.3967176174265,60.294120908971124,50.60837737153205,2.0711689172448104,0
137.10749381367683,142.57709213096751,89.84836123694873,15.036374115556189,2.835082403241528,5.912876796290348,2178.5695894247983,48.47542923791368,44.027004052777286,1.7847376874098746,0
141.2739232274574,144.80778518249443,73.64147354088064,25.122946261212448,2.6577695209869927,5.705315480333128,1837.2958196852283,50.361260417748106,37.46767577883685,2.4960548176369963,1
147.14234221772531,169.15156620876593,84.36387787786144,6.077916150834079,2.2342926787044304,3.645735124932794,1252.9197307962588,63.598330734999095,42.16160295539845,2.096898649108126,0
127.11458552828316,158.9877681437551,87.62365297575151,18.415782818991495,2.6062115719060284,3.9653761123321867,795.7038344372331,48.17974711344299,42.996365919976796,2.816278521739601,0
142.40774873554037,152.01156752532347,72.29775280109544,5.037460501032125,2.4744057937088804,3.7809833900252583,1191.214833135112,44.485049226688886,35.104263793806695,1.445158291509083,0
138.10971038542573,152.37475971309257,66.3333442696374,21.74110730728839,2.166152550727669,5.582643131377853,1304.4843771917285,63.35376281872278,29.504030920675955,1.416434043713449,1
117.14263665375576,143.5335147127949,74.64655641289899,5.904453774089427,2.3072531551125786,4.168545711691809,913.7069138590995,46.93461208598607,47.11327356534343,0.8396499236824668,0
133.89824191372637,139.34636599394176,93.17659020469124,6.964236200355082,3.1697324812647945,2.8188884134090566,1474.0401291596943,60.70327544981174,63.41373189076418,2.0083877818813143,0
123.08356408186975,151.404363990435,75.59481394821461,18.370811225451828,3.8972827504377903,7.380978656774314,1947.411195133061,62.09897184506392,39.32009466629694,1.0389342149900038,1
82.91233239380553,161.4409074869245,74.40280950629253,19.733514712938145,3.685000308966206,4.152069362233282,1812.7546794347015,62.16336788310431,38.255564784931565,0.8889619940860363,1
135.77976069593254,161.4669205242159,98.53152853332904,7.515700519348506,2.710808183518945,6.720607698775771,1599.6420667285997,54.135084631594545,26.02488532812316,3.8631188532181633,0
100.32636048308144,157.31067817949386,72.48037387907314,15.017374587662646,4.330345153496896,5.706040634009147,1231.6416696860915,57.28745841817711,44.19627172595995,1.6222592458226457,1
136.93155211394907,128.4663762919054,105.94557863517788,6.315949538799355,2.9889682603063155,2.4839707354130827,1211.499600312426,59.69099537935756,28.29899446661937,1.95287689563574,0
95.38329886649645,135.28045169510682,57.759144810436716,11.154247695138725,2.7935461882122348,7.285249358438933,1779.3481168887463,58.364892604754374,34.18718996240109,1.4634277003052187,1
149.60714131423643,154.6076630228709,75.20423033264298,5.24669442278636,2.6018276120920487,6.0358867220400585,1190.3384011218986,54.50647788283491,33.931960714597324,1.1416787252896043,0
117.14549138142782,168.23582667402874,63.29602017236476,7.194922908637784,2.69007686482376,4.850679587672812,1807.9392653869734,49.74867346604915,37.580277150916636,0.45766621138680663,1
145.05299346838035,155.15110880938153,103.03992988582688,18.805642597464892,2.0576554151211264,4.870720983015329,1615.4774383117233,43.4545328465123,44.30350268358082,2.127370456070567,0
138.56335766039751,158.24548190935806,86.13128355838641,6.85590559541992,3.396916485109435,5.639204870073065,849.8832379766873,49.07599424665685,49.21217593071604,1.6323324564918882,0
126.31917825995694,148.63398622867368,81.73032942212232,5.193792792128652,2.334030649285094,5.29280603445592,1245.4256815012493,47.974921013953974,50.86760893325332,2.167408668172955,0
102.11773316906086,142.0163471437642,61.726113545463036,14.31534377828851,3.725769618155117,2.160411894197187,1479.5278405705908,41.62742876191642,41.37841444481073,1.5833858630920898,1
141.08899076092518,160.62075641437144,63.86957307730034,16.5101186861086,4.034329534089501,5.969710685579534,1617.5901700155096,63.11250041939821,30.33614089272921,0.7927601366462931,1
100.68971891220242,147.4011873917169,90.98705003697359,23.456203760000705,2.810716877267454,3.5496672078295957,1514.4484538469833,51.329772350505806,30.06420599023009,1.104061617306567,1
147.4474562823244,158.92312848516994,74.20680771985472,8.625206623711257,2.5195896999962493,3.3905558297452125,1324.8241254692025,51.96010935511673,46.08353810666845,1.2158424805835946,0
128.8833112635075,161.17326600870499,104.96456368290038,4.788588730636592,2.8848189397279715,3.871940447235826,1340.0240665338379,50.995748432540125,33.42033634605144,1.6252298627022324,0
156.48181360421646,159.4537504804557,81.62260015748684,17.567030379349834,3.3429698428601813,4.446456101578367,1208.189479376383,55.16087347148396,44.124946671596824,1.8065519209190075,0
141.72734307665965,163.03607058596046,80.74256186846534,13.301959624920034,1.709061218930058,4.756799226369943,1196.5091059077824,51.62613562513928,47.46367860288557,1.3513487361835779,0
119.46920359183972,139.1572015157523,77.18936672400103,6.516935704876419,2.596357453076064,4.767527745404968,1177.8119506525609,63.145857739721116,40.055017420801825,1.6935010889282829,0
119.79962917632264,143.17128744397348,78.24126747022667,10.964181117696432,2.924877636922873,4.4526995920505374,1046.3949557584667,42.29294585969065,58.967721402974256,1.3475686034687397,0
112.294426092535,138.08589731276317,79.45120763449152,20.132954428760243,4.3575320879446,6.245866410070186,1011.4298302554437,62.3414460179152,53.988167258611774,1.2818346959788292,1
114.52885583872211,145.3107513814844,89.81749813987118,25.124555523543314,1.877245495532693,5.430424896228177,1660.3702442688436,49.16653121759667,36.72513070413433,1.859622458782048,1
122.22594672589528,148.69093973983087,92.89374561227918,7.713731863148121,3.1740213900767507,4.2801838048023635,1134.1100074371896,59.23709084805918,37.86674729773322,1.3789777938784484,0
124.98248146238578,145.43725693435428,92.92451264008149,8.093474285488805,2.209185863724903,4.509879677555221,1613.888586850852,57.582916270522176,37.721904734978374,1.3261543050921663,0
136.19171390404748,152.34836480560134,80.96823574874112,1.2819806322431369,2.504882256183818,4.170271519011453,1325.0825907514698,58.15504507486785,40.735193286718236,1.746095764430558,0
117.68976522472434,157.56775892881066,87.03940100275351,-2.4382826726685978,2.0161586354710668,3.409831416777238,1480.660364066016,44.57367792210571,46.043070045394536,2.240679755221474,0
112.85544553254066,138.40640322842796,88.29756139495743,10.078930855387956,2.2058634326171624,4.433456316521477,1091.4272594541942,41.98151818944109,40.06478041995036,2.0436644522015044,0
119.27044436110047,158.11667002065778,83.79813182904142,7.615169920442044,2.467247825848537,4.677473507421743,1358.7046362768951,55.17322654539466,40.45564783097214,2.689059028781092,0
90.70382343865383,180.8381894901387,73.92488305282178,5.3228994007113215,3.32785861998751,4.806358977163584,1666.8864489134905,45.98914259021986,46.430548764839,1.6544231264289475,0
127.60499933564766,149.57755219492626,69.03086808852267,1.4708839364502673,3.5976722435900523,8.520111547773134,1744.4895809986779,54.468843270282214,29.142565330414758,1.494802262045994,1
92.76560758278258,158.4275500623053,78.20700954714658,17.12342736781436,2.6932067677801736,7.242980783607761,1620.6540722735597,46.58790200752857,41.21475253784768,1.3653450122321913,1
111.08674068497432,156.0390774496748,81.76859473575236,2.0516459032621572,2.7852998075593782,0.6857980191009917,1531.0275141069376,57.35961830427973,36.737950558824636,2.5029972582734077,0
141.2789954903016,155.8102217769213,87.43054376278933,10.544995678411498,2.4878172182087326,5.692979421955782,1167.8146382448044,49.51784579552402,37.18874852591749,0.9361637103271949,0
110.50182098017326,158.38541766956905,70.57572579330393,16.238191877505624,2.504296127615603,5.833946279015303,1567.9709829208025,53.65323844122559,39.61054662525244,1.6782441771580492,1
139.44443262885417,159.52760591653822,79.83064329012764,16.184842579843064,2.9555161695207097,4.227705143273525,1529.009104247008,51.4160660222175,54.63146655628328,1.8223704755876255,0
122.73648890700623,150.05747640653038,82.29253706250523,14.058902536055804,1.5435423445065095,5.985756108711845,1070.6077992779806,52.56750318740313,50.83620181653293,2.773681598957779,0
139.75898521338894,147.77905792272625,45.77606440997505,17.045544375898324,2.944145844110314,4.270457020436715,1724.8313682526714,69.1412120895038,45.33096119825005,1.890783858209573,1
121.27771656472211,157.78508905074148,74.07659552402141,14.440955094563751,3.465747753870176,5.908418448076433,1396.392496923132,49.44648479126168,34.777822312106316,1.6018952601389471,1
146.3342589545105,133.34141479202577,102.53384477117702,1.121927641887872,1.4201860463743992,5.611776751027542,1351.4778725310346,55.012449933555075,37.111296718611435,2.0261201982133388,0
99.45994366200915,156.75553822613296,71.8333159946796,10.220424220385006,2.424990228238284,6.092263510405207,1300.6799449090872,61.37261550824244,44.61066424451924,1.3744384019588456,1
162.1591613398799,147.1779667063741,87.65315112613219,6.535060188256107,2.4997269717281534,5.239924472524665,1596.8587740996863,56.34229898111872,57.59965899661104,2.338023396264897,0
80.52688474260556,115.01901392008065,74.0255838183598,17.25086301767333,1.9093444915634783,8.31801201005885,2021.001933856167,52.23876833259073,52.239312217353934,0.8738066169629483,1
115.27737023428074,164.95286697420187,87.66873027126204,3.476212466799942,2.129061012150656,3.2347882385925373,1127.0574692783819,57.70439289541476,35.931562527390334,2.3556813610873606,0
133.13295392507132,145.09403363848986,96.23170583961914,1.8726030972157206,3.6066204884458646,4.867680138540631,979.7566619502147,51.61113777157192,42.948219234626656,1.7324311094142741,0
116.742138456983,142.55304614808253,87.60444846143345,8.471811141896543,1.7917242262821822,2.899569278012753,1292.5740474102631,53.5103893253321,39.14639764187763,0.8579435302507057,0
111.53703525349067,154.3334276132406,98.1437006501813,14.282589815672928,2.7022497334252926,2.8122072114694454,1327.4352829718507,55.117910741740204,44.43947288799879,1.8204773947999742,0
87.76847505310772,151.6504187079931,79.92815456827316,24.349146157914902,2.9396994824049343,4.312455004839534,1630.8556340704308,54.35986933877052,45.465756811244766,1.2620642746574884,1
111.99555389416335,125.34026599847253,89.66452208213056,6.961569054296782,2.839812771051585,2.994440925552254,1069.7224189329838,38.07994248077253,35.2829357012609,2.0620285141107804,0
107.7177425456193,166.35269069805054,76.23603910850687,6.56367021641883,2.6592018758706315,5.806344788491227,1548.4478424823888,65.12994380032407,45.31345303732243,0.5999646384084955,1
127.72322357446625,149.48766920551708,93.83928185325964,2.1050756387701424,1.7489805602401811,3.7980281998351777,1157.720744658753,49.61759571476539,47.75414071846821,1.8386455332021379,0
144.6331769068354,145.07322867737213,86.55639588076058,10.686251360103888,2.5665385534053766,3.8475393186446607,1372.8901148559419,54.346146364350744,47.776018167354195,2.2113556119501343,0
129.60229186826174,141.50429489794558,87.03286888129608,9.185597628154397,3.0906597795201725,2.167851948694346,1924.764040933937,54.6270919581322,48.37811837902373,1.5822210792977982,0
137.69901149670034,148.07715613205116,92.4426331148604,8.161315033967185,1.3082656442285103,4.3119870479602875,1295.9533641540818,54.531319618624316,28.64261475041875,1.9907133100569856,0
127.2247963291847,125.2442859795993,85.46841686538457,12.795061296722576,4.074653430494311,5.71611932721668,1118.4533070185048,60.73346495171429,31.882063874748912,1.3015738634531633,1
153.68819223261087,170.3319787494611,80.26210800896428,-0.1591368458795155,2.1788049873159467,5.10530368169373,1374.7954622832153,45.59627559211279,33.60335010457922,1.9724439165484455,0
117.0792521800028,139.9045643279433,96.65295165591952,13.47972511870112,2.8836354396616857,6.924850359135565,1969.2422646144782,68.50877458469607,52.33764691592882,1.0621022779975495,1
130.54518503929435,148.7369929720902,76.77340290142762,17.810628034987715,3.963603169422589,6.851050918180875,1702.574324918582,51.97389397741227,26.465380750497033,0.21089434013428487,1
96.59627895544621,145.40123617215409,63.828616207901085,15.133871239301703,2.5223679690428287,5.76654957442292,2115.0481523336143,56.27521034472111,20.8439508168983,1.9754261653495027,1
112.13044754196027,148.35620833583383,79.41642219818786,11.261600927566594,1.712653058735523,2.8914946651364666,1595.6959065384945,35.37471686023719,46.62256938274468,2.489862604180355,0
133.75739275518816,154.24785083272195,78.76766753889096,4.246623790942824,1.8979321843643844,4.953523125177648,803.5509089020732,50.2347052777348,31.312133502096334,1.6258656025374614,0
151.80301115735975,158.73500185452244,85.52481364448495,5.431309034204525,3.223942812437646,6.177710867499187,1565.3074093944,44.10723578904806,51.97487018772647,1.566110221765557,0
118.7137595523859,147.3943052543222,72.11151616175574,23.401578137647576,1.864398504013685,6.132337710436317,1583.2901726270695,55.330890911191325,43.74208131299214,1.2379893063050016,1
126.64805822011223,145.92379105658836,93.5979044793104,10.29161271338932,3.045257223205584,2.667248271492257,1566.8750127053042,48.21357442614367,52.77175387048707,0.5262475786373826,0
97.65372436295667,141.21905863724805,77.60591863422891,5.681075075705261,2.30467848464615,6.165295306279517,1470.5565097664448,57.15144418033856,39.88031963783977,1.5172513230456528,1
123.04873460781306,152.38782556127336,94.54365656354058,6.153330590281997,1.8536820587652292,2.7158041516264437,1164.742905528637,47.73531598731484,50.55022115003889,1.4907856670289992,0
131.20850653558196,131.79786008666863,74.67601354319116,8.16317710131782,3.411190006231215,6.750491537161088,2319.8233383071824,49.44381648187172,36.9182915136327,1.7968911072652196,1
117.96584096167571,155.5637671251769,73.91538703636441,4.118379333766557,2.1465529043042935,3.1610503913546704,1403.4998138154663,43.24036225277302,39.102106123938,1.3979727015789951,0
135.3566885726762,147.80728825467173,76.70948228782771,10.552745370709788,2.508518098171674,5.69322855425733,1752.363190593505,48.855327463137435,57.75502324965837,1.5751173865758663,0
110.07720926652354,159.9551774513075,75.10039100258946,9.462804282627193,2.9413898475111653,2.6791081135766257,1290.695602619551,43.5653575460766,40.50588610209426,2.6770802103573867,0
102.66241077846392,152.5630859641947,71.94873188769807,20.84999029072468,2.3148511151315243,5.681398987203165,1664.5572724258407,60.60367705130983,39.502775458600475,1.4536728083539852,1
158.4518947398092,164.09009252056765,105.7080063563551,14.964960724271116,2.0400392245560823,3.5437926024033173,1257.6434805770168,52.91791095551386,49.20908993458926,1.4566595388582713,0
105.34452915284226,144.70384742080603,87.94419310237446,12.129554138428887,4.103451122645783,4.732040159111616,1721.4466674944836,59.11319411972607,46.170317343636675,2.026377772563092,1
143.49399813149876,151.76150077647955,86.32881919683146,7.882173206439913,3.836902145981839,3.7852298836333964,1487.7345728275395,45.468841121248126,52.65413382138263,2.0288762700713754,0
95.9645276971724,121.12543697640508,64.02932802416765,3.602520128383362,3.448968263994261,5.5369323161519635,1968.2231601628503,53.00513848461778,18.11715961592619,0.5639814634866043,1
130.87313077669,144.4925809593829,88.2831837613046,13.497966048214888,3.320248344766655,4.868080204556589,1254.341250095746,54.90270055521684,53.600631651414886,1.7562762402998222,0
134.60949281314913,143.25483541061232,89.46713686433323,11.314939726502889,3.3250197383558855,3.165166386155464,999.8799747487565,44.97625576751101,33.502246452548746,1.2791197122591877,0
108.8916938883437,142.2992369629254,69.2488722526503,38.701650787163125,3.1387952698559736,5.4359518782620775,1289.2012483350277,55.66055694408454,60.49534793583395,1.8313286453937634,1
111.44573933682877,159.3991789531622,89.86766764477078,11.913937270480517,1.0676473190588271,3.956712455494087,1405.588110292612,45.60729571006123,32.9790599939661,1.6055665866306519,0
110.48866056892795,159.60055001914645,83.45819106099648,24.52736298227979,2.640041645308646,5.6297790311767875,1175.1018672242128,54.28534214858111,47.56175619869535,1.0152751127539448,1
110.19315080373586,143.72144256407174,80.44617067646678,-1.4583529419054964,3.160591946743564,5.481448994383822,1291.806412168206,43.01811824556606,39.48180796663246,1.4813687844751497,0
100.6052181731833,163.67756694403207,94.13194945206463,17.24933664719773,3.4997303734674032,5.657763653078692,1143.7034357292393,58.540874375987656,29.22486330736731,0.6326946965448838,1
138.82475809726864,144.8018675664225,84.40707909212941,6.6522011000178525,1.5435147128115345,3.222196672732242,1258.621510731108,45.454601134390174,31.715423014343152,1.9466861871383254,0
108.97223405811579,166.65885141145228,95.43264094022715,20.853622151671182,2.8919009862957212,3.331412688799308,1366.989121951122,49.912654960691384,41.491762510620816,1.1974050765982125,0
115.6042258759608,146.00879699283243,72.99997509382212,15.004974241416178,3.297921062987389,4.016151302384306,1291.2020031697946,59.85955499472714,31.29447143404425,1.373467649193344,1
134.44180415596864,134.44238565090947,91.26133022242118,18.786119161097137,3.151445889792661,5.004900539306758,1227.5371024532114,53.55532323715821,41.76829655734553,2.1865639066206,0
132.76950787798455,153.93055952584655,88.26091050210833,7.768949182995756,3.314387764871805,4.788083335124655,1203.906162860725,41.61455032973369,41.532137692353444,1.3161102243660325,0
142.78650002194337,148.0772975657222,85.86011155774491,12.20703645386539,3.0409266716298906,6.4237973843565035,804.6587466310469,47.03807316315932,47.18341639957447,1.7037644469695634,0
110.41449119613969,129.6572003003434,87.67358745251144,18.2517497896355,2.7821179992952483,6.371964418397177,2273.46964633274,44.43131144564403,39.01457128221247,1.34141628525905,1
133.91582908269834,171.24646848998495,75.48886423614697,11.845057167602059,2.4258352734868094,6.874744110625208,1747.6212077413206,51.11488666449451,41.76191865203332,1.0070667540329443,0
121.15824497881081,147.70159379621123,77.32895630959078,25.46541875207001,2.2152294933517234,7.834875078741973,1884.2257608031507,61.124935945380265,34.64293354873664,0.7232537870076081,1
151.04191466404149,152.01243021825113,74.51814577894287,7.853872446434103,2.557700733164545,5.394997614947765,999.6319527928541,55.46515182899962,46.93985332379444,1.8755514082629472,0
137.23708622864777,157.44156363040668,94.10585745283824,20.460487901365045,2.236571046197997,4.621667066238084,1541.4701722671725,45.11300681316191,53.78855105934902,2.128843293026776,0
146.24576864762915,138.2171891141703,88.96120776940984,20.530248228684364,3.3114224927977984,5.025137909130301,1078.122422120011,48.69617236828589,38.917100889394966,1.6150835358806206,0
122.87582033258566,161.92486552616649,90.89168643907819,1.4223494786287891,2.282829990950146,5.467756918717159,1300.0579781770953,48.126975263949575,41.03593521127977,1.9426047248169505,0
90.63229489440175,134.1990632000391,50.14529306258346,10.463704328327129,3.5595301249617677,6.688850910770996,1449.5791116214377,65.77505683107931,36.71691530211857,0.5020530157129433,1
142.1929317825844,149.66848087908667,100.06508966508356,9.343484804387968,3.2144375154868774,5.598809280178178,864.947545515502,52.243603976393665,48.97655992244839,2.0670882086224487,0
100.64894396115926,146.87606005787683,64.19351090829265,19.855583005915644,3.545558393350206,6.071876743903076,1717.4139088649954,55.019420013526286,44.639522735367635,2.574504854358861,1
111.09458417760166,138.70843877843615,94.83214718749686,33.39632941675224,1.6627105252300378,7.089377308515334,1503.5573602119632,62.36559704814783,31.834768771321542,0.9141140213035626,1
132.471438906524,129.0209388903599,99.28669444066252,13.79439288164124,3.901142277645992,4.252067136858347,1161.3062858913127,72.41901670244391,37.21623891258252,1.2950775956748086,1
161.995500619844,157.18239506070194,94.81891489626311,2.0622311805779745,2.734810835451132,4.307171678814854,1145.8496821423566,51.196781972469516,46.68046423267294,1.0725562818858518,0
162.8568343871497,171.42357869038818,86.1601666364732,10.617942018044193,1.4147200601876773,5.6040624854290435,1042.5723143558014,58.927824193638074,47.861503097673705,2.7520527581277454,0
105.3823114652537,145.8897681254111,80.1502990470862,30.348684670501484,2.3479021154456645,5.82702530806667,1334.6273277693024,51.96573774070409,53.715597550747674,0.6022757476224642,1
105.80926193215522,161.8471840231179,84.37161439560342,1.1419705236170987,2.0964741995965963,4.99997772921697,933.5302882466486,61.04695460008522,55.28367316162803,1.867905911445751,0
128.779314022665,157.58415213099613,92.07470536736174,14.729856515267382,3.864716199955142,5.11780792393346,1699.4379729904804,61.786733913969016,45.50544205486961,1.9755570449933577,1
131.22811209079484,164.01664548046148,98.65480375065351,14.303926376045672,2.9047014537737743,3.6338677182592036,953.0076494410276,44.39907460216983,55.64657857717413,2.547935890931507,0
122.44786518825701,133.89512616292262,80.21695274597687,1.8632446088095667,2.9599572379977226,5.308605777658886,1848.3372871817662,57.04508213902153,34.95289251739267,1.716746489815974,0
104.26301625845541,145.5497089673108,83.53019288239896,22.96907059801421,4.498852320355984,4.888530481939791,1643.6404366821403,55.09835701641004,48.06441480537002,2.1318664160717367,1
120.65950720269109,144.72699408909358,99.08703580582907,2.1899332708181882,3.3575504620563095,5.942585579830088,1706.6909096518086,57.211496008342515,48.89975035210882,3.1058383377892103,0
118.9162072101465,130.4588294652407,93.14146095021492,9.033960627026344,2.911445478482871,3.521633762364898,1440.7525157358155,61.96169511953393,53.439051974777364,2.174068534560418,1
124.40248790455652,158.21258321955585,88.7559710465482,16.51237893701186,3.865011080068752,5.2553250082666505,1458.4999742140649,55.31064214372305,45.23492128663975,0.6299639644380326,1
122.6049859801175,149.2681106388186,93.07274031107298,-0.004152969509226612,4.1349195714009515,4.349533902891642,1384.1328206910318,45.42293483884554,42.04735621060639,2.201059160196242,0
98.29164649877131,144.92516245737758,100.58269226951829,18.54898207238263,3.0940905458372345,6.109542656988176,1981.3418932534223,61.309824024078694,58.39435809644828,2.4718270264063125,1
135.3552322894757,167.45047933109478,101.82158991037527,-1.5579624011900157,3.5252659715407253,4.477155616708996,1590.9513004776752,50.49937218125783,46.67087973254828,1.4240407699888822,0
128.66759462494161,164.79310935370663,86.97051124688689,11.997777706307568,4.175418169267102,6.693236346458886,1312.3714021834576,52.55862598605699,43.59141722023665,0.45574740596575003,1
121.76345871342755,143.16249118479425,79.60073317545064,12.521475824174152,2.769973799132594,6.107138323602676,1060.5927126534857,48.144515442403396,46.32582774177967,0.8968115354409751,1
130.9034531491154,136.59062995117253,82.55080913191051,20.451565235751595,3.434124529410388,5.348042710291307,1478.654308403412,56.293998373940454,48.39107068253892,2.7694256759266658,0
170.8025374988443,168.4348989372149,94.20672097550678,13.101330452680957,3.6956058281281616,3.638893593466537,1413.9746403948698,53.775547757123704,58.06896387356107,1.8063354907968125,0
87.24313617698616,153.79249355421393,79.38795694028164,23.573893664749594,1.8220470505933626,4.855173171454284,736.5194678705949,55.92045689271935,43.40329081568695,1.62616516908834,1
84.30077914488119,163.66790671634888,76.86225653280688,1.8705849492795346,3.8212527771898417,7.405547740344894,1891.514655381699,63.00665272803369,29.584910234437462,2.0672410508972576,1
126.29916303022577,144.0158598186054,67.90060318241768,9.803259197130442,2.8162597912832594,4.72593484558624,1191.5451872833112,66.35131883726663,33.144061553684544,1.3346849013290347,1
120.35428073494298,158.47713172646675,92.64472968187243,13.713126507695451,4.348430194441801,5.036179956101298,1706.3807432008614,51.123727596144256,41.62407309013775,1.7435398882231437,1
119.85932264659195,122.86351317430483,67.37768716124471,4.533796597947882,2.9575014457951703,7.236687421709358,2040.4905268536695,62.97120094187153,39.23584277496632,1.593695849903006,1
120.22599478591275,140.46780560285052,80.32202434895872,10.721205809083878,2.250153536858637,3.8058662823154426,1441.5316445666556,48.85782479516034,46.49046938754308,2.3776502791188765,0
133.21274636067506,127.68546872410705,73.56616412028467,16.779608212880365,3.494134080026494,3.6916554192155697,1477.8247172831557,58.51139462918099,20.820654010594772,0.3429699647062664,1
144.45064193866483,153.65206340371003,99.49273326285676,5.825354351581207,3.3179429009986947,5.886092910529443,1455.5692504809656,55.081296632702696,36.837229421095806,2.1043036538508835,0
118.25120061495645,174.54338654685552,90.56029734313876,0.6454060219859539,2.231958401875436,2.958340646845841,1371.0471052184805,51.08563840701861,51.80653375475767,2.8520682947865033,0
132.30587658918293,152.7159358629967,94.81500697372624,-3.989204107192646,2.017031576893609,3.318931538317693,1053.075097656239,59.409591557678574,45.69026953823578,2.7623483248805543,0
136.65729142219342,159.73342570853956,82.47776955719029,13.890592921949565,3.3738516524496474,6.295961735385239,1373.517172120539,40.34258860261008,45.37471471834825,2.467810073591472,0
130.6835775985572,154.2070424162322,77.95859233247933,17.682267614351883,3.1162840930158473,4.174754512345948,1433.3801754197414,41.89275751991514,45.578338125049655,1.4553795858858376,0
134.52321013500418,146.01816156132136,99.03301882016522,9.187464700775887,1.8128982605899044,8.35103983819832,1148.051336074474,52.59526937791229,46.62303619327486,2.3070758810591334,0
141.8654792056457,179.72897509858385,91.0780176889206,11.137012928212998,2.6339899549382646,4.347251533699094,745.7960530947794,48.84995908787267,45.4016913512681,1.7605583029246217,0
131.15595077832364,118.84728113182227,73.45022767807393,12.982121012974307,2.196793729832702,6.3899605750079855,1631.5943190382518,70.97368325956785,36.9355590133008,1.539680476714711,1
122.92102201315849,145.8408901214898,83.54497478599228,17.800589193806577,1.97311448358738,2.9839296873420262,454.5365963701689,50.96642388702572,47.27810236767598,1.9458762422241864,0
138.39169430918272,145.81612468026006,78.49744979899981,9.585753566486062,4.368348668078432,7.826609338619709,1338.281009210762,46.33129288169936,44.99642704839171,0.7862982242369946,1
121.3367088481902,130.70841056074448,77.47102641936151,18.328252572269385,3.69738437160845,4.915157865305663,1690.4056755949018,67.61478515726144,50.45313146635713,0.7399762887650639,1
121.50553405595842,163.23261751998126,91.47581705361671,8.720187960309568,2.5135474665670308,5.865321270255647,1219.918817873569,47.39745860556777,48.85480474572537,1.868997995316984,0
100.71868300716247,157.97864703560404,106.46707325736034,13.644627127929295,3.159554499123854,2.3051830506955904,958.2005207440355,46.44902799179958,46.52924765746223,1.419976852360268,0
107.46977765209972,148.84316086682,68.3554884066697,6.7892892850074515,3.352973829687662,4.63394277273114,1091.3736214849114,67.46251344656636,44.33277276585985,1.9626380452185188,1
132.61866719247757,153.29144617974447,105.54794181984364,11.811030810091816,2.594528602013478,6.312081996010429,984.5051087052545,53.13368009271396,53.95743664589429,1.4834719714996205,0
91.69071205525282,140.1963207118808,76.99460486739973,23.2062023711885,2.2268446523925762,6.658009417450709,1607.7162915515048,61.58548385966564,44.87075536449208,2.838430185090252,1
105.78366759707185,130.15764656829026,89.70335086316942,9.364750979117096,4.020202540301312,5.322643708386069,1816.3686846492008,49.937720389858036,50.35367327281964,1.4206201242033647,1
137.10388645952773,163.61050706955155,70.9741639576216,11.883175638216446,3.4944356821099714,5.53894906285551,1270.334460794842,56.35558402979586,36.650507908111244,1.7630034590853478,0
65.48818849085373,148.5681170008781,81.81380975365411,24.76989844099239,4.728867713366319,5.929166302388467,1570.297009711027,65.98259480804508,36.876751236190884,1.6949598610904262,1
107.8221701444886,149.34754033258014,85.54256935914056,19.079821976285995,2.210433472960396,3.4171243215296854,1344.759789759272,49.66078647219117,39.97620183558926,0.6352199611528484,0
102.29594578854817,128.0066787583253,80.5606541723418,18.254576175368896,2.6878577827640306,5.819242965315527,1748.3691423103003,50.43846749684535,27.570012623455117,1.1406258423769335,1
150.34360042856235,150.18535433736997,89.06430227691897,16.640703292696838,1.751771301857012,3.8342741757463226,834.5022433500112,44.90943484903279,51.09832669813394,2.310172006306228,0
111.43276751759727,182.24831429365275,98.44160877069072,-1.4230036217390647,2.3602182886312386,5.188072752796484,657.0693331215733,50.708085890577294,49.85496563430636,2.0443618314125116,0
122.47364434623195,156.8047254377145,95.12998430172388,1.049811864844746,1.8012602278653334,5.101037289442088,1378.4451244694899,60.200602207777955,50.876703095838415,1.7240393410917454,0
137.57480918470685,161.3576501349834,76.77277978437701,7.099666477804837,2.708612935222224,4.291067812047136,1153.2552485783142,53.952113087956796,37.21892857104732,2.2202398976004116,0
137.09856436860318,147.2411253890897,96.33922154548904,14.181700724191053,3.381044773639279,3.595997513512089,1503.0268203174392,55.70034305569557,33.44602244320986,1.6368760717412894,0
94.12501661268796,154.39392339153815,77.29397422582299,24.604503490079352,2.57677750638609,2.9325391740223643,1961.392499524823,63.42711186459542,32.70454301849121,1.5376828053460052,1
139.84830412950745,140.6254652889338,95.00309879408991,5.776314007483364,2.7100159518674936,5.68184212946776,1362.5068959561647,52.193688880778964,51.39416111630264,1.9970538154766788,0
133.6294340734905,164.90499618785637,90.7996862631982,9.496302102264531,2.168955640658482,3.268130983216354,1751.4217759115188,51.24551505237433,35.01964155004469,2.1499320618701856,0
111.68734525043466,153.23531142197433,71.4514332813423,4.9876746538843335,3.5834700832664406,2.126886012553166,1401.2209870577085,47.55838936261859,41.043784569333134,1.6345145510940178,0
120.99041965121792,162.48943780462585,88.55724912288694,17.393144175406043,3.1783274700769457,3.564495751677844,1272.3953229604067,55.292287892647465,52.99482687896402,1.5287578837308078,0
116.65728355561716,151.69937963418027,95.07751935455475,7.718476526724896,2.4962323640459463,3.8893882710793974,1466.1958822386414,53.08605890123002,44.30590395968023,1.5813461264856024,0
105.88775148158159,130.19069479952148,81.75181422304321,14.472085000587773,2.86216290184781,4.09646619138057,1375.35554354863,62.858643507092914,42.263863596605034,2.638467213059137,0
109.92772405018495,128.00644336225253,75.98534481841376,22.531896506387486,3.5005385759612144,5.601745966533442,1334.910468848876,41.64258065819438,40.1368277953488,1.6354556241384377,1
102.61549968697703,121.30820963458346,79.55080969573265,9.070295452135904,3.8852226909897456,3.3761698188842906,1461.2344583182055,63.41508777457723,36.969092573589734,1.6427948731492084,1
101.99102211112377,161.52032230855923,102.0934744018558,15.12218183336228,3.2435044023858812,3.8625893191409078,1377.6655426282937,55.67361902107268,50.31245349900415,2.2725026564386406,0
108.04727577801822,149.36989217474354,84.9045356068601,6.31339824268427,2.5406662080853146,2.8873500838770814,1196.3969116330043,47.02810693322034,50.505641493983816,1.4757856829045926,0
124.22376579375525,172.70427460339462,99.26565029547757,10.11233237908578,3.100117376965355,3.9352241247699444,1797.0870499306632,60.96882099436811,37.34542233415644,2.686509862607428,0
118.11218892350949,165.0283053447817,87.50536290347567,6.214618979840048,2.9977287612004475,4.0642160159012874,1105.4803232950637,55.19297052121521,58.47445079786488,2.3982852552897236,0
99.51681393412059,157.37670551664502,78.78379124901981,19.250589044826018,3.3700174092051927,5.081862142717466,1455.6088679615016,57.493909319309545,63.79695969347912,1.5824211793000613,1
115.74439126965036,144.03477221088846,90.68949377648619,24.341952479749455,2.1271096080770486,5.217479592548263,1628.200503946255,47.84403944912591,46.752928730695245,0.9593098824652131,1
126.03014750143066,191.94656970146286,87.25566570899954,17.004558743805866,2.2366306761578816,5.497804167592348,1083.5942530093894,54.99787500545527,46.245091235921095,2.0460963641631866,0
132.57052421784957,157.92424653790295,104.69021525289394,13.234743969680867,2.477851783938583,6.503927075670668,773.0822672606611,51.305326211136105,55.051632629523894,2.131644265059053,0
106.04289515299324,172.52884669049635,81.69759459328851,9.046489102926346,4.350364709063174,1.288551490459364,1995.6179389245792,62.37424059400697,20.546782884442198,1.7040180947010357,1
102.20532932552287,131.247112233432,50.57402097636915,27.922208269426264,3.3569643211747042,5.594033551316681,1615.6752749404986,67.59466403816195,43.661952987523065,1.4526215632656765,1
137.7255290081299,147.89127290913356,90.22133771633713,11.676643430375417,1.746913599954894,5.074345811563551,1300.3375331014229,54.640338354817096,39.162042683694295,1.6919027975573728,0
153.7902522421803,162.59338239327542,83.10560557481777,13.509899636013879,3.636178310740043,2.243863513759697,895.7206514826083,53.06272728929931,41.36441770922327,2.266246051389901,0
107.2094505106898,159.05123194490244,102.20504247989855,17.852090960818213,2.9393057873789266,4.864563379382475,923.1561414274998,58.2716639123184,38.737323569182905,1.4255417395875813,0
107.18624404574678,170.1186116439825,96.83244312419681,17.967064751972643,3.906630252017178,8.138183776745342,1808.3058092080105,54.28710293775099,42.686725068155944,1.7135577142828842,1
126.48769937914996,154.74918087243023,92.13434903223701,9.14659440811942,2.6293160421954225,3.978759990717593,795.1208906483354,43.863528642796034,57.387616722388294,2.0246542978208644,0
149.00366723779933,149.14872531113008,79.67644426895771,3.8710979289336573,3.0520049726627194,4.021316930984001,1166.6581554074955,48.78433716452278,35.264528796837496,2.3660957821301922,0
110.22935410308273,151.82610677077062,65.77261725535094,26.00200395469497,3.004004688687864,5.027825987627887,1349.072346725007,62.284400682620934,31.18565134561501,1.107163684511076,1
108.76943886924379,135.8668680944676,82.7727697948096,16.396132619516013,2.199145727814171,3.962234626563708,1495.147233263006,61.82608865872046,48.564903977756245,1.991917258161252,0
130.96420028643195,135.46949074540206,103.79572145730712,9.8158127914342,3.833724277964193,3.503247521351738,1804.143130823039,44.44979474316411,55.226959761001524,1.8418854784390208,0
105.41610968700512,153.85176724222347,66.43559097196722,-0.2130070407821365,3.3205780704877266,8.284312378085943,1521.4255913786772,54.592145571694005,39.17409663730579,1.2283705423179037,1
139.77086876958697,144.10923605550082,89.96554776511574,10.974091327835627,3.8990014069406502,5.301648180295548,1036.827131689518,53.98645853454837,43.94782947816434,2.27896092496181,0
117.76284572551843,127.37694602317298,82.37533224105732,10.862244963338728,3.6270250880854062,3.723128264640906,476.6911822940015,48.07662861531868,32.41126868293165,2.129193351775742,0
130.07670184963692,153.6255218569686,97.240270192069,4.572926061303219,2.760435388443142,4.227031819978031,1457.0574454235468,47.151078545734144,50.32297516841369,1.7201851637737688,0
121.15952864583683,160.74775790895671,98.66674689589154,4.3917941362927175,2.261451440805567,3.991827365763368,1474.2180003321525,42.02082446945953,43.68554169897895,1.9360184306418724,0
141.384538307399,164.06469470990908,73.14439626963028,10.18976601479735,3.1567040768487424,4.082306733004591,1245.728681143615,53.529519663686735,49.34672390974465,2.8243044166482054,0
127.21511535004274,173.39286695603093,82.53141058759608,15.97491518079459,2.645603234847447,3.22862481710783,1527.026316484739,52.47902867059203,49.94145934687778,1.4978421201700036,0
145.85683339328372,138.11043470748135,87.45705133482188,3.8485515807125337,2.1380160613648154,4.592329469765306,1057.4710424999398,46.02901785131852,42.12473759746943,1.3244929581902465,0
129.797541628931,155.90965469832472,86.4199210142101,-0.688083402497464,2.547030770989247,4.620118028440216,1566.8782574957086,55.037167415800916,43.811582793006096,2.1814404300871773,0
108.5478793305905,142.90296426899116,91.34456789987026,11.383454720314157,2.8368029178937886,3.9713484438379627,1262.4018345878349,40.75585225444232,34.13981348185193,1.6148243167931597,0
119.18749954056055,159.24504576885667,93.22985252353297,21.348208471010018,3.541292207960703,5.410299788848731,1784.3057946743252,52.24540770253543,32.40327990788617,1.6989972748061182,1
135.36681040522424,166.1141305703797,97.38283805975998,13.988060659157913,1.9718534103908363,4.655819129055627,1110.9500830071731,57.311685706337514,28.987578351665007,1.877243877349379,0
100.67798568284758,139.30299955511538,85.55772375444808,0.7605446749000171,3.576340932064916,6.382563593845252,1634.8413751857804,58.196194235426354,40.24780665339076,0.9301144180135164,1
135.63547027518507,164.49995232755523,86.74213079900352,10.263271250387126,2.5117987990229067,6.206216586753846,1695.0610663289556,57.68593016801323,43.502471864005514,2.5707379577654406,0
109.76964478938825,157.35040546311134,71.6003976326874,11.64575636111933,3.016138335778683,6.261514980101671,1405.9938434730886,68.44102538993222,38.2717439610358,1.5236969685344879,1
119.04450052424295,162.6631095053285,74.55549488965723,9.928143292701638,2.7844440186854604,3.9094942229165923,1525.994327058447,49.236198314014906,46.37260436112609,2.3345772962484483,0
116.09604292632875,158.47729828275695,90.029230208513,-6.996434289241436,2.5169264096097357,6.331953888182811,1538.2514294070322,44.82377095090757,34.595243155001185,1.487742919236163,0
134.2148780160255,164.96402979853096,93.9065483069231,11.30031259414731,1.6846062112579432,4.614926863544935,1173.0904454735562,56.34119046674872,50.05430943989585,1.334898137663038,0
147.37893368511106,146.60329390408899,113.60084538268795,14.89259420223262,2.671748221048492,1.441588631288827,1445.9142799462147,58.414693150932926,36.5966029915233,1.3488539250817881,0
123.83445042759475,149.17718070443996,65.08732039150131,20.07916308221705,2.964529138212205,4.156720916731656,1981.6169254631934,68.15434454847951,10.4661683770975,1.0493829461048936,1
142.20275826054504,134.55941072773814,104.65474444462576,9.346710911359832,2.3670939088752627,6.881282395016089,1604.0201709830171,48.55778212243932,34.034260988428926,3.0093901167240666,0
113.40497538990958,153.69487821851772,87.67246729784002,9.17912701820882,2.9232535954678216,1.048487661645176,1522.1768417546195,53.98933049098071,47.85799162144526,2.3476777153812995,0
153.24901607526309,155.8891373650373,92.72597482413043,17.443920579740194,2.397748417329176,3.6752569977854046,879.168308049357,55.384584714399146,41.63928068609675,1.7500809018625596,0
131.4947704763146,167.70109384219506,82.60240319690638,11.6811078363825,1.8741831542953356,4.288212163685625,1608.2686977996,39.800760291836305,60.452348518636335,2.3757246385290434,0
88.53143695014917,139.3624655490989,68.84849590756103,3.181985851631549,3.5543686925141484,5.786067157648276,891.0690045251545,49.584303097840255,38.78190449517277,1.9892348137307523,1
122.95788421097572,161.56516857404046,70.21279751095722,11.872905086846453,1.758436836920184,4.314928952179402,857.2666034310026,49.02828914550609,50.49117243593274,1.7242928821431336,0
115.04678223880093,131.99093744037026,80.77825730596285,10.159738681558926,2.3766786644116538,4.628265432803328,2248.021708974033,61.802961731090704,32.99529823700245,1.3422525728464314,1
100.88639409338968,125.37918245954025,91.14051442565103,21.76295940974394,3.738187773178228,3.045460324344404,2032.5538082641533,60.75441869760349,42.45781864805307,1.454523721516327,1
142.18788733591296,163.28172790053335,80.87154217322836,7.46158583427664,2.7016164944216468,5.157897066220164,1665.2152680058828,60.483244119410244,50.95324851511418,2.0265826190189906,0
81.47507907396175,145.4072819787889,83.4057239799222,10.232451591196002,2.2280202123181523,4.504759592552599,1727.9703115848686,62.898441896359955,37.05635531684791,1.5535101360676784,1
104.12623251230451,170.66574568585196,112.45751979616827,7.428226805678287,2.4230301930247835,4.092515108404491,1224.811418586367,55.44494607252076,52.14129173474802,2.0838246464957106,0
157.98661766717134,153.71563568054532,92.93317900880889,7.8466755740513285,2.2722533310485105,4.418999269150499,702.0112200859651,56.3213243405838,22.914018087864978,1.541040554626199,0
141.07699869993115,145.13335525320284,84.64215300709871,0.31817360797463357,2.372523355407508,4.164230623434173,1264.0094967970995,51.9885650474191,57.99667123364337,2.1074327501809553,0
108.0235421108088,150.2027510245068,93.24984336989128,15.413974281055516,3.0626035440284443,5.341571333397531,1766.4706018728762,67.43113241836707,41.26184983414292,1.783913012012602,1
110.45402127976176,148.20625802458227,80.4677362245589,20.65291921733177,4.610692577322448,7.279564758858905,1434.8046092779725,70.61694159346048,48.26471790859794,1.1527721212059832,1
129.129768959667,129.6652151126764,78.56317692069194,10.14155507342604,2.540209395945687,7.129286782877193,1875.0969333719388,62.30399129710238,44.20180671275602,1.113365877029343,1
118.40762178193643,161.01100625149257,90.67050265869258,22.42049351142965,2.6342078749382507,4.63157442973972,1225.935844433029,56.033643002817676,38.12660960977203,1.8122180272503923,0
124.2202960470736,168.72504851848316,99.88393273448084,1.3784640967053732,2.3375250198059536,3.299852726163987,1173.9470058416048,52.56168303949732,41.892414271342005,1.9999052168593567,0
112.6612101163299,161.19473038689532,101.05427851990075,21.55222981753074,3.242060196230615,5.6337811595813685,1801.3722502912688,64.93967130874096,41.61852627905537,1.070117692084762,1
110.57225353245681,154.87903107801262,94.47174851497589,22.006099367115016,3.6700718202103375,5.4354082016787,1868.0359445040976,60.34412272426023,28.299329224185342,1.848273559115127,1
114.72742033594514,126.68600531597019,63.96065141807831,18.59042780688269,3.4658373452286275,5.467730105571814,1538.8632675334902,56.819642229105526,28.01711379050422,0.9206173710323126,1
99.62286120013589,144.67503961659258,103.50500492814076,15.136822933547844,2.450785324289872,2.8302128551097394,1409.8764708100548,54.003994328287256,45.5250847301202,1.5980096870153853,0
137.70678926368313,144.6321107638422,83.21251378336522,1.6795066209580631,3.500800191173292,6.66984651536378,1071.2151833009066,49.900820287677675,26.355471543207447,1.334965330479821,0
144.31002645239803,152.1326234376031,102.46977884353733,13.220406384132524,2.8735326632489646,1.375529590181753,1084.6401420595566,52.380424555148416,42.388067728419855,1.5345218621422632,0
119.60635607109019,148.87980321374303,94.48709887589642,10.642848427762393,3.8036557328954737,3.2224398687395355,1278.7859997700712,42.30212868180882,55.45093425464947,1.9387402592594312,0
113.75053554932752,115.32645677260744,79.35386021821799,30.29453228100621,3.0323486545847755,5.083883940710799,1546.2981839331296,61.88131347156614,50.52845619000055,1.8300448699543328,1
143.76792920582164,153.13187317529506,82.44522880839746,-4.920340681622289,3.621328966781143,5.08123791539018,1057.203539600948,54.70203569746018,56.15427138913415,2.2887036763822555,0
126.28726192174031,154.20126961847328,91.63542407085718,17.267439199397575,4.546412056377467,5.1750620415768065,1696.6676704689228,55.32274582181603,20.18727391032159,1.3962984593656527,1
92.85138165717902,132.38917582095445,70.3473563508323,18.214508250753013,3.5872044094654467,9.323613680051135,1430.390676558373,67.17212314225492,45.57863078738595,1.1894787682314747,1
142.20300251744305,159.6252555730741,76.91270278636763,16.004779732702378,3.3116237547628904,6.508945518765108,1339.682009716904,61.78876095888784,50.80524104345395,0.9460445296629625,1
90.05322084431255,150.84221750742813,72.74589859135594,18.85636992785729,2.8327363150532383,4.692914374507913,1994.1098886262073,55.040276157055416,36.762457316099905,-0.012408528187056067,1
131.96110865929137,150.7818381915043,108.1020453876635,13.120493352681846,2.8667616009320844,4.9169309888526085,1559.3403126276457,58.41486972004163,49.005047469168005,2.035028679195711,0
138.41176789552352,177.91299968564158,82.83955271782627,-9.377532269162135,2.9219916515163717,4.835943269191962,1259.534772199655,45.011636236113524,48.95769156772909,1.6878818333009782,0
141.80626905613678,155.42316262366074,89.22009814645361,-9.091255723780453,2.947574899760653,4.046510914911598,1379.955140960144,53.42576852977018,44.68549729122687,2.14193832559402,0
125.48344456616067,148.91668189554645,72.96857046881894,7.4049448173237025,1.99114596158428,3.6057748664378466,1325.996572319512,52.463719187451,49.517662441961555,2.1790697572592532,0
126.44772089889986,143.26933706241738,96.89630795623437,7.654287217798488,2.7611553673179543,4.447649583712787,738.918537966109,47.29648088071846,44.655964451308485,2.234327402378953,0
125.6888905443314,130.80696750502682,71.09955209453567,26.168317218403256,3.1089577945124662,4.631744435769348,1213.0024306591522,48.17993048447423,25.99315262028997,0.7911178454615235,1
123.30227571899468,154.9043283042006,92.29618219132585,7.570392443515616,2.87598328576347,4.9627019419178575,1524.114667063751,61.43339798278547,53.899505077473115,1.9706285700437316,0
104.46200557091395,148.86592915114062,100.51548415291514,13.0935036246631,3.7675590519141973,6.749990239106857,1289.662732508464,66.00935333752986,31.44996593376837,1.0902826236707248,1
141.61951080144004,149.94818623015684,94.32931817755511,6.051011698948265,3.0039088107619754,5.909388789659261,1354.2051751829124,53.45191686888403,48.42600975987827,1.346853243794183,0
136.06076285221806,162.47419918817,94.0600995134564,10.360912312530498,2.0609192109253778,2.960672809263674,1425.3607392268777,53.834437667282266,37.39671576016836,1.0118768332667738,0
139.17514433261303,153.08073764043888,76.9347409125833,16.66258762443956,2.8244339419085436,3.1250555397481823,1557.3631686108004,52.3842054343121,38.273920087113986,1.8245811442166522,0
114.29740698408256,139.255494639013,60.426409134450246,14.937998964959396,3.7947283919613493,5.218957053170783,1843.7939944420202,59.010605509875255,34.65381144485534,1.617983875355869,1
127.92603548243223,148.27782751763635,78.77834675822375,5.639967126035836,2.342356675324848,3.4834585687729067,1283.0149721319062,45.58769067385494,45.414566977115186,2.4454902125929836,0
77.96436127437607,139.84514340144358,93.9610158194447,19.648959335096702,4.061155522955551,8.257539598406412,1711.4072754793715,74.56156059421546,43.46224518924814,1.197186073178376,1
94.34128274351409,145.7634623982188,99.12404252358688,8.701956137305967,5.406439714158459,4.530460420169541,1436.6084105754996,58.952362326298164,23.783955351541934,1.4433870561912931,1
103.554397669559,152.43863417945784,94.96206364813419,9.46003669593615,1.6664626122778237,5.7950131910496,1419.6144213240718,41.140867133075,38.475671581469925,1.797764389506939,0
138.4865138094127,173.16052938622437,53.61499276710529,15.255640982280795,3.1584093731092544,4.240290203459674,1542.3031712389845,51.817359468594965,40.00619242383049,1.9463726447591037,1
126.70492168243732,144.92333789383068,95.21672064043234,12.714800951904992,2.680124542869369,4.460739956400226,1570.1584572672882,49.85976578999103,39.15311343392885,2.337258537066261,0
115.93262440127316,149.15449539482364,84.90827876531361,1.7605644372468148,2.145922946858324,3.886365048995895,1359.7222380644228,69.65951133603217,42.5237971387532,2.2752895837608826,0
142.33817368154783,166.70143680101302,77.87895624739832,10.640086700319994,2.1177952592181617,3.5941525475712854,1128.5175351006774,48.87575573435386,45.80246337632753,2.8935305558497206,0
114.63418537998565,151.08771761398592,105.95877673095522,-1.8723924817413509,2.0896877274744203,2.1174444445336813,1271.097909178901,57.676130249939554,36.413215966206394,1.3717211786198735,0
133.09283719764272,135.339468526739,100.74696971979907,23.488400184886952,3.523738536846798,8.498087527526968,1938.1705847461094,65.11088281306738,34.603715279006764,1.4192774768868697,1
140.07892914635588,131.5817999966634,73.46994294139976,21.119661768024947,3.4236672695480688,6.083992460938561,1743.0870584288018,65.80063465934043,33.22499861882656,1.3954582620718554,1
144.52967485799334,160.90303005807806,99.59329803364248,-4.250409210545744,4.095799710459675,0.4022443714570105,1301.7982355470626,53.77303599649166,38.48217780748661,1.6212884734458393,0
108.69421952486326,155.19290198763852,81.21987030356038,19.204639269480495,2.9827846062305676,4.766671686136891,1624.9661891012743,63.00114426491107,13.509066675142734,0.9731604296812906,1
124.41644662149561,166.4935563672925,80.13457137966462,10.68207817763799,3.260688389590078,4.350630520370119,1693.308271325533,54.324357665196494,39.17443113928223,0.2570510611333314,1
119.84616999541062,165.29191547842424,85.3111130944517,0.4907634548573343,1.4037586144571268,3.058622637216471,965.7816871081856,51.12531892977577,43.46257367960516,1.6670972154409185,0
79.20093954276035,153.03496201287678,65.44890639271988,8.201674848866048,3.779760783129236,5.177349566554946,1156.2021670582815,52.909157841528476,53.54670038449725,1.5654878309820452,1
126.2114777291026,169.41456706596733,81.87211309515614,14.135422592057841,2.2516859301171666,3.8801187654310674,1374.301457831896,47.22441963784327,47.705650336792985,2.5115415335476623,0
128.27895337799652,141.4435177441086,94.74819492166604,16.25424087986972,3.304084314491195,3.9805317598529864,1185.400917328331,53.525837666336336,42.25563283686101,1.666752310385901,0
101.30079633013302,164.76211563200766,76.74510952701624,17.464719678580845,3.136954626166665,1.7735023978050222,1551.1150084423489,44.98687526531116,36.65997743188589,1.2003469125990294,0
128.61406161630907,166.16338581402377,76.38272034226065,21.14246281821531,1.9448254832257965,4.93131383554638,1828.6676554277458,63.871242850037056,36.213152574107454,1.1761237908801454,1
122.05359694349441,166.4050860582326,95.10959968203491,6.674214957022016,1.937980036295676,3.1241327131566647,1167.3249828201435,48.424533478208026,44.20310736433928,1.6719395862629058,0
131.50353263669862,140.2483292348947,85.31419878531915,17.85342717684586,3.086513217164099,5.919702226088099,1709.4203457339966,54.37663378533831,30.449428522804855,2.1047603328879863,1
130.1534959152938,152.37079365429364,80.69069960058081,7.624441232602866,2.6088129168375183,4.4529896918084155,1355.248398073567,54.01069641700527,39.68926515045809,2.893637999615404,0
142.33090239991736,162.3700004005211,87.65011509503039,0.23191114567456683,2.583617276294041,2.9009070980166163,1244.7452423139487,40.3284744959609,36.033476841678166,1.4807071007763843,0
103.84309290894588,153.1315370507693,82.88618160019739,5.200389393532479,4.027323765071973,8.19780716814451,1738.5060817891356,59.819877137265664,48.864629167296584,1.7617543080236844,1
148.50642938462147,142.0383527732731,103.34002627315267,17.800392792491493,1.817158560148004,7.726143690922176,1753.7888672047577,63.366293708258844,37.96823248044247,1.2425988756204682,1
116.20863648649295,173.02828462515234,98.29155637325644,5.100881226203756,2.689200474321267,3.764792068261497,2040.4161371647697,43.73296842431531,40.66106549115933,1.7783080103124909,0
119.77658063068219,132.95542721147928,85.50276439068894,10.541029376448527,3.2242996241267936,1.743412552595837,1808.1004540721663,58.07820613958242,35.89351765095183,0.9304856709883835,1
127.65475379244856,171.14572888148584,101.37248543318658,14.947756778096895,4.153793996898717,6.2175229519670046,1700.280934077101,60.67576066918218,41.51175472510666,0.7010167853913692,1
120.82785279857472,152.37923120884545,72.14614580560091,22.262530313017105,2.3711786092442084,5.66786313395639,1072.7639063800432,41.25321791959135,38.04763118252072,1.1602462683517334,1
142.98632791255181,172.2988234478948,91.82409746184051,8.753458720829256,1.8219008312264922,5.710441793390648,1342.6593641694421,47.84379094399452,38.783288891255516,1.8047484470010942,0
145.46499283743927,154.77180550516775,113.7335980324986,7.507092929644587,3.3366013954839753,3.9055774405280155,1580.163049052034,43.43901140896452,49.45641652570096,1.8630262171958036,0
103.53068620082607,158.24583898847678,89.2588370860388,18.186647473266003,3.0490732950023847,6.277781507198312,1556.637237677268,68.30270862027989,34.75815850963994,0.6247220178285084,1
134.86125954092194,158.73089078717607,106.48956094945345,6.552583652862021,2.7985281393286745,4.069799700576062,1119.0563532437352,49.94487357340757,36.67046467615006,2.777737849157745,0
92.20117378843884,144.02150138634894,85.04597228582251,16.724066905156743,3.1349390553704883,6.58980502550846,1722.6510332367645,50.955188994484274,25.524681193392198,1.2021507344265494,1
134.15036198995028,174.7396125620154,94.21809962217196,13.97760091668284,3.4827021964961653,6.299988396310274,1294.7615481951486,44.476524366823185,64.9663447282398,1.8844705335645489,0
119.52070699789124,164.17009121204018,81.4444535401447,14.72947786505033,3.839431612412185,1.8539047947564047,1658.7402815524604,63.67451333148248,36.434151686621874,1.8200309099512881,1
107.27729162971202,165.5796770833934,71.39039066484008,6.82190090549013,2.14794927779229,3.8634235341846996,1420.9383125087033,59.534219170191044,43.49180340307716,2.0914944923704644,0
123.4033924617813,149.57266014386636,67.29283278170261,14.84965355880226,1.7455317261006624,7.445950281315563,1361.7851575960065,56.77964594947559,43.37566312405745,1.6557052897327478,1
128.9075663101469,142.02142395662725,92.59180079228436,9.43273495415908,3.5369067180361116,4.461507552634691,1444.5299203921884,49.49076668373303,42.37615490083474,2.594168889104224,0
118.69395753463766,148.09018111226385,106.12448557996929,10.079023290384296,2.0691183715838597,4.910753638661793,1617.455627122778,50.51086396139012,42.123035440340686,2.514490251244531,0
134.96895147105346,158.87262272405707,89.98084760767856,11.418603681393222,2.1769928865449546,6.140495139647379,1380.83421619836,58.689862770022614,47.997480882423474,1.3346923325312368,0
135.1542743435269,146.37866934497077,85.69065469791322,7.726483901867013,2.7402715470744488,5.195904361900098,1571.4480161474862,50.38047143910572,37.72987467530883,2.09316165890578,0
123.43375665018588,140.75357741384596,85.64942722005328,10.322993954598086,4.326146599014062,7.198652306432001,1658.0674776128262,43.50597837998028,44.73592214720765,1.8831852728346261,1
139.50878533477018,155.56878405579698,90.3421473253652,13.784523009730146,2.76954797029298,2.098796209032436,2072.7048108951017,54.4512300966394,52.57234521787909,2.636335337875491,0
161.8323429551895,169.01338473991768,81.62612872693482,4.166229513862986,2.744451907693141,3.349701611934349,1115.7273830589281,55.101415939202866,48.086336708220756,2.13333549098304,0
126.61335549270197,162.14188430524297,92.71468357135996,1.8409082035336386,2.7858924261362166,4.956727014509201,1321.518527228455,55.70762572738814,53.35671993942219,1.6471266478690316,0
89.64610903819214,162.80210208225935,68.84732564665158,18.770738467671464,3.268369263723835,6.0980200143211105,1055.0122330687816,39.015511860056485,34.388631833909756,0.8980257926362596,1
117.01095158183968,130.26362407868152,63.708620002095934,15.844047145714006,3.3304913188208327,5.926252345278544,1867.670515352541,64.24323063880189,45.49713136894327,1.5515451843118735,1
115.37977494659017,178.57670159499668,82.24362173762226,12.630192263890068,2.590814090496203,5.912249587541825,1284.6296798274398,53.62043131040105,35.8888323816597,1.6343928526962008,0
132.98589543360205,157.8273746973028,82.82388700963828,-2.1577408851723128,2.527431110835331,3.404700181823129,1472.4159219359196,48.84138812526548,46.79720037839755,2.531853338827334,0
102.35486950745661,158.99000744534897,66.14886315316765,17.176418641767743,1.5267869427713936,6.267479284007167,1978.0349288261675,54.21865853396115,42.73295601709912,0.9359140495150923,1
142.84598191485208,172.75932966668032,90.07687687163111,7.77666658094095,2.1933707781487364,3.582625246390718,1511.201572347801,56.87314830469077,40.34158675930568,0.8347167600963996,0
116.95998373064887,162.54445776957698,72.33259766810933,10.046253048770692,3.575403636662033,5.463521543682843,1715.03550546753,46.24195233469334,44.98832041529547,1.0629109124480176,1
142.74403145531537,159.00394526344337,99.69295590445672,9.918691604855223,2.7107307819182225,5.072742099385605,981.1267270213847,47.09985639355861,42.92402572478614,1.7938955150494238,0
92.64836903329912,129.80812658858392,58.775998391889125,1.0718306169161465,2.608540992984553,3.5043078853849345,1772.6992100491661,51.515229609900594,42.212754833402336,1.3789871561257259,1
115.58746246865269,156.76347088849042,95.47489620847955,15.754946729956348,2.2397798095155466,6.249471531756022,1873.5804203254538,64.44184166734104,51.501219266664855,1.2291757069949365,1
119.38495801571828,149.80930174616455,92.71415556386404,21.514614832065853,2.8286950309296666,5.43873691136382,1544.8289705995637,51.860330804053504,51.12198000669207,1.781722356390527,0
129.32305686219317,154.70518164913582,75.55277613543907,6.552966519139275,3.658482908955183,5.067589236322683,1375.807403159104,63.32726814848792,45.177181995130795,2.0136526821446084,1
134.4547700984978,142.28943773733258,73.93338903151778,16.28054812488471,2.46514075886439,7.566432734624198,1285.6097573952238,56.529900671546756,60.7075421829594,1.6304386484255107,0
106.74004853400801,140.8008978480107,89.95845255097682,6.455740775459929,3.5184504994062187,4.830152662482817,955.7261135533233,46.892221045439975,47.789056614491635,1.0480642065866403,0
135.19672314245463,166.46170784601486,74.48315394383667,10.374821200624455,1.5188117374519883,4.623535211556817,1653.3380201999178,60.06692958148408,28.96060491888764,2.3166669558901534,0
105.66910861189977,161.67236027417772,65.11180217950682,31.4877172757807,3.0632267541760836,5.444482044981058,1365.913756307667,64.29641467806779,31.77947975574411,1.2292371233165258,1
126.4811929993728,169.85379574368153,86.15097863557011,11.43549668813695,2.7930186837176083,3.2535961764021257,1217.265510951835,53.92723370922644,46.72041035655112,2.050553669595871,0
115.23726074276483,154.4582978760064,78.57484339547231,7.998864815483899,2.4318421767202536,3.493622805326237,1215.2563151176082,69.35988467853565,43.32234451265332,0.6777287499576387,1
134.93126664489526,177.51405007059063,84.25179192450403,13.264173743454029,2.9047947961475264,3.722863809191681,1418.737092449945,49.40008602459351,43.636710256542095,1.2519416678750526,0
133.2582532519717,148.95618549225307,76.75559142232686,17.941509233752733,3.981783642870968,4.825259671753845,1839.2614885605935,54.69883393776147,33.011199316834855,1.274238535737677,1
72.18676234539217,137.56717590504343,83.1319984259514,20.17508796307227,3.0582330410546192,7.093335267830465,1147.317933719708,44.750732684274936,25.09556387990917,1.7343862502953855,1
125.27096133039481,148.07874403318002,98.31844539468635,8.902513430861458,2.2138890617719142,3.5040733582599004,1532.2529557408895,54.99554551232677,48.790355116495284,2.242753869395102,0
105.76122069504888,136.16356421336235,80.51982157026274,9.17243780905225,3.4177769938002367,5.353935881135341,1481.798101124677,65.81974914746361,28.3524943373905,0.8302683790070087,1
116.35918817807891,176.06409010931844,70.89831607343375,4.557799976368526,2.9178156526140384,2.3302386281874234,1509.4148717129094,47.11474916618904,67.88207202082728,2.322578985592161,0
118.99701099262337,137.7428334986085,75.49776114051251,8.888848211070151,3.4524535240050565,6.656769109328813,1951.6923245248242,69.48153526464718,45.652624452314114,0.8759672009847457,1
151.98473153382332,156.1639515799126,80.09525544554688,14.441790499158632,1.8874409485822925,5.787343804182959,1263.2480492141547,65.4756925296775,52.378541652971585,2.8770787168751433,0
117.29809422897392,175.24569962087077,87.29834288541353,6.445747125075782,2.61920248943946,4.568274233009985,1120.3851533375735,47.41493883185015,37.59969148481883,1.707489094143568,0
153.07054849698955,160.9759794949454,67.2660976759185,3.913690055150715,2.9654828725443063,2.569423749879976,1239.822111519154,50.54429385814486,62.91097995695489,1.5267108267298806,0
158.29278851815795,142.18855484740888,75.19570647503717,13.371159320166393,2.616908694421477,4.359471410793234,860.1546774208202,59.90469617121579,67.5927554024698,1.8597001253516194,0
151.61909933599173,155.22102055027463,86.2305277250595,12.553571538720592,3.3179788919873907,4.25668318028419,1570.3112956855277,50.06461093237999,38.4258254525634,0.9438725122901115,0
118.80783893184369,145.97695310197142,73.73530091950583,21.480116144640007,3.095041496644624,5.643485810519662,1807.755666724627,62.845956638143875,24.449579625467873,1.0190789503241506,1
119.08803408715801,125.5523392696935,95.53886630924116,15.145600075151059,3.471818403796415,5.217635419717692,1443.4169369486735,53.89929966339229,47.620556679974406,1.5716954139359047,1
124.85928225209845,155.0629243966182,80.9565630945724,8.357782219521045,2.495024145982755,3.360246567138104,1628.4748985242595,55.318547652889094,41.34953293453342,2.074900012283954,0
